employee_id,first_name,last_name,group_company,designation_name,department_name,Office Area,employee_type,location_type,Direct manager employee ID,direct_manager_name,business_unit,date_of_joining,office_location_cost_center,user_unique_id,latest_modified_any_attribute
202122979,Dian,Anggraini,PT Panen GL Indonesia,Cashier,Cashier,Pacific Place Galeries Lafayette - Cashier,Contract,Store,201921284,Denah Widiyanti,Department Store,15-Mar-21,FINANCE & ACC. - PP (0900.FA0200),101620,31-Aug-21
202123170,Ardian,Widaryanta,PT Out Of Asia,Senior Associate,Production,OOA Yogyakarta - Production,Contract,Store,201921859,Vania Narwastu Mahanani,Department Store,7-Jun-21,0700.CF0100 (CRAFT-HO),101777,31-Aug-21
202123266,Alfira,Wahyu Dwi Kurniawati,PT Swalayan Sukses Abadi,Associate,Cashier,Plaza Indonesia Foodhall - Finance Accounting,Contract,Store,,,Foodhall,1-Jul-21,Finance Accounting PI (1600.FA0200),101506,31-Aug-21
202123279,Ulviana,Hermaida,PT Alun Alun Indonesia Kreasi,Cashier,Cashier,Grand Indonesia Alun Alun - Cashier,Contract,Store,201518467,Hasni Yulianti,Department Store,1-Jul-21,FINANCE & ACC. - GI (0500.FA0200),101668,31-Aug-21
202123280,Retno,Sulistiowati,PT Panen Selaras Intibuana,Cashier,Cashier,Grand Indonesia Seibu - Cashier,Contract,Store,200702574,Ratna Galuh Yulia,Department Store,1-Jul-21,0400.FA0200 (FINANCE & ACC. - GI),101584,31-Aug-21
202123404,Aditya Wahyu ,Pratama,PT Panen Lestari Indonesia,Sales Associate,Ladieswear,Kelapa Gading Sogo - Ladies Wear,Contract,Store,202022637,Sumardini Santioso,Department Store,1-Sep-21,LADIES II - KG (OPLI.LD0300),111560,13-Sep-21
202123089,Adji,Prasetyo,PT Panen Lestari Indonesia,Associate,Human Capital Services,Human Capital Department Store,Contract,Head Office,,,Department Store,15-Apr-21,HR DIV 1 (OPLI.H10100),113255,22-Sep-21
